title,info,frequency number,frequency period,facebook fans,twitter followers
"CNN - Breaking News, Latest News and Videos","About Website CNN.com delivers up-to-the-minute news and information on the latest top stories, weather, entertainment, politics and more.
Frequency about 3 posts per week.
Website us.cnn.com
Facebook fans 27,276,684. Twitter followers 33,359,967.
View Latest Posts ▸
Subscribe newsletter",3,week, 2727668,33359967
The New York Times,"New York City
About Website The New York Times provides breaking news, multimedia, reviews & opinion on Washington, business, sports, movies, travel, books, jobs, education, real estate, cars & more.
Frequency about 168 posts per week.
Website nytimes.com
Facebook fans 15,195,747. Twitter followers 40,813,041.
View Latest Posts ▸
Subscribe newsletter",168,week, 1519574,40813041
The Huffington Post,"About Website The destination for news, blogs and original content offering coverage of US politics, entertainment, style, world news, technology and comedy by Huffington Post.
Frequency about 168 posts per week.
Website huffingtonpost.com
Facebook fans 9,306,376. Twitter followers 9,802,796.
View Latest Posts ▸
Subscribe newsletter",168,week, 930637,9802796
Fox News | Breaking News Updates | Latest News Headlines,"U.S.A.
About Website Fox News provides breaking news and videos on latest current news, U.S., World, Entertainment, Health, Business, Technology, Politics and Sports.
Frequency about 168 posts per week.
Website foxnews.com
Facebook fans 16,294,717. Twitter followers 17,558,190.
View Latest Posts ▸
Subscribe newsletter",168,week, 1629471,17558190
USA TODAY,"USA TODAY HQ, McLean, Va.
About Website USA TODAY delivers current local and national news, sports, entertainment, finance, technology, and more through award-winning journalism, photos, videos and VR.
Frequency about 168 posts per week.
Website usatoday.com
Facebook fans 15,077,985. Twitter followers 3,272,717.
View Latest Posts ▸
Subscribe newsletter",168,week, 1507798,3272717
Reuters » U.S. News,"About Website Reuters.com is your online source for the latest U.S. news stories from coast to coast and stay current on the events that shape our nation.
Frequency about 168 posts per week.
Website reuters.com/news/us
Facebook fans 3,999,722. Twitter followers 19,577,136.",168,week, 399972,19577136
POLITICO,"Washington, D.C.
About Website POLITICO launched in January 2007 with the mission of covering the politics of Capitol Hill, the presidential campaign, and the business of Washington lobbying and advocacy with enterprise, style, and impact. Political news about Congress, the White House, campaigns, lobbyists and issues.
Frequency about 168 posts per week.
Website politico.com
Facebook fans 1,697,168. Twitter followers 3,330,418.",168,week, 169716,3330418
Yahoo News | Latest News & Headlines,"New York City
About Website The latest news and headlines from Yahoo! News. Get breaking news stories and in-depth coverage with videos and photos.
Frequency about 168 posts per week.
Website yahoo.com/news
Facebook fans 7,527,190. Twitter followers 1,140,954.",168,week, 752719,1140954
NPR News,"Washington, DC
About Website NPR delivers breaking national and world news. Also top stories from business, politics, health, science, technology, music, arts and culture.
Frequency about 168 posts per week.
Website npr.org
Facebook fans 5,930,688. Twitter followers 6,888,064.",168,week, 593068,6888064
Los Angeles Times » Local,"Los Angeles, CA
About Website The LA Times strive to be the definitive news source for Californians, an essential part of the national news dialogue, and the voice of Los Angeles around the world.
Frequency about 34 posts per week.
Website latimes.com/local
Facebook fans 2,723,099. Twitter followers 3,236,784.",34,week, 272309,3236784
NBC News,"New York, NY
About Website NBC News is a leading source of global news and information for more than 75 years. Go to NBCNews.com for breaking news, videos, and the latest top stories in world news, business, politics, health and pop culture.
Frequency about 168 posts per week.
Website nbcnews.com
Facebook fans 9,136,137. Twitter followers 4,603,918.",168,week, 913613,4603918
CBS News,"New York, NY
About Website CBS News is dedicated to providing the best in journalism under standards it pioneered at the dawn of radio and television and continue in the digital age.
Frequency about 3 posts per week.
Website cbsnews.com
Facebook fans 4,241,197. Twitter followers 5,678,266.",3,week, 424119,5678266
New York Post,"New York, NY
About Website New York Post is your source for breaking news, news about New York, sports, business, entertainment, opinion, real estate, culture, fashion, and more.
Frequency about 168 posts per week.
Also in New York News Websites, New York Blogs
Website nypost.com
Facebook fans 4,115,628. Twitter followers 1,349,625.",168,week, 411562,1349625
"ABC News » Top Stories | Breaking News, Latest News, Headlines & Videos","New York City
About Website ABC News is your trusted source for breaking news, analysis, exclusive interviews, headlines, and videos. They are updated around the clock with breaking news, top stories, videos, photos, special reports and exclusive interviews.
Frequency about 168 posts per week.
Website abcnews.go.com
Facebook fans 12,730,091. Twitter followers 46,588.",168,week, 1273009,46588
New York Daily News » Top Stories,"New York City
About Website Find breaking US news, local New York news coverage, sports, entertainment news, celebrity gossip, autos, videos and photos at nydailynews.com.
Frequency about 168 posts per week.
Website nydailynews.com
Facebook fans 2,859,509. Twitter followers 657,288.",168,week, 285950,657288
Breitbart News Network,"About Website Breitbart News is a conservative news and opinion website founded by the late Andrew Breitbart. Breitbart News Network is a syndicated news and opinion website providing continuously updated headlines to top news and analysis sources.
Frequency about 168 posts per week.
Website breitbart.com
Facebook fans 3,579,111. Twitter followers 792,922.",168,week, 357911,792922
Newsweek,"New York, NY
About Website Newsweek has been a staple of American media for over 80 years, bringing high-quality journalism to millions of readers around the globe. Newsweek provides in-depth analysis, news and opinion about international issues, technology, business, culture and politics.
Frequency about 168 posts per week.
Website newsweek.com
Facebook fans 1,322,881. Twitter followers 3,401,194.",168,week, 132288,3401194
The Denver Post,"Denver, CO
About Website The Denver Post provides you with the most relevant, current news and information about Denver, Colorado and the Rocky Mountain West on any platform you choose, any time you want. The Denver Post reaches roughly 6 million unique visitors per month and provides news about local and state government, neighborhoods, cities, businesses and people in Denver and the state of Colorado.
Frequency about 168 posts per week.
Website denverpost.com
Facebook fans 411,040. Twitter followers 353,257.",168,week, 41104,353257
CBS Washington,"D.C. Maryland. Virginia.
About Website CBS Washington procides news, Sports, Weather, Traffic and the Best of Washington DC.
Frequency about 56 posts per week.
Website washington.cbslocal.com
Facebook fans 11,938. Twitter followers 16,947.",56,week, 1193,16947
CBS San Francisco,"San Francisco Bay Area
About Website CBS San Francisco brings you news, sports, weather, traffic and the best of San Francisco.
Frequency about 168 posts per week.
Website sanfrancisco.cbslocal.com
Facebook fans 219,510. Twitter followers 74,679.",168,week, 21951,74679
CBS Tampa,"Tampa/St. Petersburg, Florida
About Website Covering the Tampa Bay area with breaking news, weather & more from CBS News.
Frequency about 42 posts per week.
Website tampa.cbslocal.com
Facebook fans 1,705. Twitter followers 2,357.",42,week, 170,2357
CBS New York,"New York City
About Website CBS New York offers Local News, Sports, Traffic, Weather, and the Best Of New York.
Frequency about 168 posts per week.
Website newyork.cbslocal.com
Facebook fans 881,619. Twitter followers 131,935.",168,week, 88161,131935
Chicago Tribune,"Chicago, Illinois
About Website Chicago Tribune is your source for Chicago breaking news, sports, business, entertainment, weather and traffic.
Frequency about 168 posts per week.
Also in Chicago News Websites
Website chicagotribune.com
Facebook fans 563,064. Twitter followers 1,053,757.",168,week, 56306,1053757
CBS Boston,"Boston
About Website CBS Boston is Boston's source for breaking news, weather, traffic, and sports.
Frequency about 168 posts per week.
Website boston.cbslocal.com
Facebook fans 365,864. Twitter followers 61.",168,week, 36586,61
CBS Dallas - Fort Worth,"Dallas / Fort Worth
About Website CBS Dallas / Fort Worth provides News, Sports, Weather, Traffic and the Best of DFW.
Frequency about 168 posts per week.
Also in Dallas News Websites
Website dfw.cbslocal.com
Facebook fans 432,642. Twitter followers 124,984.",168,week, 43264,124984
CBS Los Angeles,"Los Angeles
About Website CBS Los Angeles provides news, Sports, Weather, Traffic and the Best of LA/OC.
Frequency about 168 posts per week.
Also in Los Angeles News Websites
Website losangeles.cbslocal.com
Facebook fans 702,561. Twitter followers 170,989.",168,week, 70256,170989
CBS Detroit,"About Website News, Sports, Weather, Traffic and the Best of Detroit.
Frequency about 168 posts per week.
Also in Detroit News Websites
Website detroit.cbslocal.com
Facebook fans 30,639. Twitter followers 28,734.",168,week, 3063,28734
WCCO - CBS Minnesota,"Minneapolis, MN
About Website News, Sports, Weather, Traffic, and the Best of Minnesota, and the Twin Cities of Minneapolis-St. Paul.
Frequency about 168 posts per week.
Also in Minnesota News Websites
Website minnesota.cbslocal.com
Facebook fans 278,215. Twitter followers 185,769.",168,week, 27821,185769
CBS Chicago,"Chicago
About Website CBS Chicago is comprised of Chicago's biggest media brands in News, Sports, and Entertainment. It offers the latest news, weather & sports for all of Chicagoland.
Frequency about 168 posts per week.
Website chicago.cbslocal.com
Facebook fans 266,139. Twitter followers 143,225.",168,week, 26613,143225
CBS Philly,"Philadelphia, PA
About Website CBSPhilly, your home for the latest news, weather, traffic and sports along with great lifestyle content related to philadelphia.
Frequency about 168 posts per week.
Also in Philadelphia News Websites
Website philadelphia.cbslocal.com
Facebook fans 253,707. Twitter followers 179,195.",168,week, 25370,179195
The Onion,"About Website The Onion is America's Finest News Source.
Frequency about 84 posts per week.
Also in Humor Blogs
Website theonion.com
Facebook fans 6,486,191. Twitter followers 9,949,634.",84,week, 648619,9949634
Newsmax,"United States
About Website Newsmax.com reports todays news headlines, live news stream, news videos from Americans and global readers seeking the latest in current events, politics, U.S., world news, health, finance, science, technology reports, republican, democrat, libertarian.
Frequency about 168 posts per week.
Website newsmax.com
Facebook fans 1,180,582. Twitter followers 68,177.",168,week, 118058,68177
The Washington Times,"Washington, D.C.
About Website he Washington Times is a full-service, general interest daily media publication in the nation's capital. Founded in 1982, The Washington Times has gained a reputation for hard-hitting investigative reporting and thorough coverage of politics and policy. The Washington Times delivers breaking news and commentary on the issues that affect the future of our nation.
Frequency about 168 posts per week.
Website washingtontimes.com
Facebook fans 593,021. Twitter followers 304,848.",168,week, 59302,304848
"Boston.com - Local breaking news, sports, and culture","Boston, MA
About Website The news, sports, and culture that Boston really cares about right now!
Frequency about 168 posts per week.
Website boston.com
Facebook fans 377,077. Twitter followers 452,120.",168,week, 37707,452120
"Miami Herald | South Florida Breaking News, Sports & Crime","Miami, FL
About Website Read the latest local news, from Miami and the South Florida area, and around the country and world by Miami Herald.
Frequency about 168 posts per week.
Also in Miami Blogs, Florida News Websites
Website miamiherald.com/news
Facebook fans 296,138. Twitter followers 393,112.",168,week, 29613,393112
The Mercury News,"Silicon Valley, CA
About Website The Mercury News is the leading source of breaking news, local news, sports, business, entertainment, lifestyle and opinion for Silicon Valley, San Francisco Bay Area and beyond.
Frequency about 168 posts per week.
Website mercurynews.com
Facebook fans 169,185. Twitter followers 178,020.",168,week, 16918,178020
The Seattle Times,"Seattle, WA
About Website The Seattle Times is a locally-owned, private, independent news source. Local news, sports, business, politics, entertainment, travel, restaurants and opinion for Seattle and the Pacific Northwest.
Frequency about 168 posts per week.
Website seattletimes.com
Facebook fans 320,209. Twitter followers 475,545.",168,week, 32020,475545
"Philly.com News | Philadelphia local news, sports, jobs, cars, homes","Philadelphia, PA
About Website Philly.com is your source for all Philadelphia news. They offers readers everything they need to know about Philadelphia and the surrounding areas. Check out 24-hour breaking news, sports, weather, entertainment and more.
Frequency about 168 posts per week.
Also in Philadelphia Blogs
Website philly.com
Facebook fans 236,200. Twitter followers 377,312.",168,week, 23620,377312
Observer,"New York City
About Website Observer delivers authoritative content that informs and inspires an educated audience of over 6.75MM influential readers each month. Topics include News & Politics, Arts & Entertainment, Style & Design and Business & Technology.
Frequency about 84 posts per week.
Website observer.com
Facebook fans 266,823. Twitter followers 187,613.",84,week, 26682,187613
STLtoday,"St. Louis, Mo.
About Website St. Louis sports, news, breaking news, lifestyle, parenting, business, entertainment, weather, jobs, autos and real estate listings from the St. Louis Post-Dispatch.
Frequency about 168 posts per week.
Website stltoday.com
Facebook fans 188,907. Twitter followers 196,929.",168,week, 18890,196929
Seattlepi,"Seattle, Washington, USA
About Website Seattle local news, traffic, weather, business news, sports, real estate, photos and events.
Frequency about 28 posts per week.
Website seattlepi.com
Facebook fans 87,918. Twitter followers 149,177.",28,week, 8791,149177
KTLA | Los Angeles News and Video for Southern California,"Los Angeles, CA
About Website The first commercial TV station licensed west of the Mississippi, Los Angeles-based KTLA has been keeping Southern Californians informed since 1947. KTLA 5 is a Los Angeles News and Video for Southern California.
Frequency about 168 posts per week.
Also in California News Websites
Website ktla.com
Facebook fans 1,266,887. Twitter followers 689,381.",168,week, 126688,689381
Newsday,"Long Island, NY
About Website Breaking News, data & opinions in business, sports, entertainment, travel, lifestyle, plus much more. Newsday.com is the leading news source for Long Island & NYC.
Frequency about 42 posts per week.
Website newsday.com
Facebook fans 661,715. Twitter followers 231,147.",42,week, 66171,231147
Chicago Sun-Times,"Chicago, IL
About Website One of the 10 most-read daily newspapers in the United States, the Chicago Sun-Times has won eight Pulitzer Prizes and is home to such renowned journalists as political columnist Lynn Sweet, film critic Richard Roeper and sports writer Rick Telander. Follow for Chicago News, Sports, Politics, Entertainment, Weather and More
Frequency about 168 posts per week.
Website chicago.suntimes.com
Facebook fans 360,681. Twitter followers 388,236.",168,week, 36068,388236
ABC13 Houston | KTRK Houston and Southeast Texas News,"Houston, TX
About Website ABC13 is your source for breaking news from Houston and the surrounding neighborhoods. Watch live streaming video and stay updated on Houston news.
Frequency about 168 posts per week.
Also in Texas News Websites, Houston News Websites
Website abc13.com
Facebook fans 1,418,182. Twitter followers 719,727.",168,week, 141818,719727
L.A. Weekly | Los Angeles News and Events,"Los Angeles
About Website LA Weekly is the definitive source of information for news, music, movies, restaurants, reviews, and events in Los Angeles.
Frequency about 42 posts per week.
Also in Los Angeles Blogs
Website laweekly.com
Facebook fans 394,206. Twitter followers 724,272.",42,week, 39420,724272
Boston Herald,"Boston, MA
About Website The Boston Herald is a daily newspaper whose primary market is Boston, Massachusetts, United States, and its surrounding area. It was started in 1846 and is one of the oldest daily newspapers in the United States.
Frequency about 168 posts per week.
Website bostonherald.com
Facebook fans 152,642. Twitter followers 94,621.",168,week, 15264,94621
WTOP,"Washington, DC
About Website WTOP brings you the latest news, traffic, and weather information for the Washington, D.C. region. Catch up on the issues and topics important to you today.
Frequency about 168 posts per week.
Website wtop.com
Facebook fans 172,728. Twitter followers 221,581.",168,week, 17272,221581
WGN-TV,"Chicago, IL
About Website WGN-TV is Chicago's very own source for breaking news, weather, sports and entertainment.
Frequency about 168 posts per week.
Website wgntv.com
Facebook fans 1,065,158. Twitter followers 257,486.",168,week, 106515,257486
NBC New York,"New York, NY
About Website Get the latest New York news, weather, traffic, entertainment and health. Get local NY news, NYC breaking news, and national news from NBC New York.
Frequency about 168 posts per week.
Website nbcnewyork.com
Facebook fans 1,092,821. Twitter followers 265,379.",168,week, 109282,265379
ABC7 News,"San Francisco Bay Area
About Website The Bay Area's source for breaking news and live streaming video online. Covering San Francisco, Oakland and San Jose and all of the greater Bay Area.
Frequency about 168 posts per week.
Website abc7news.com
Facebook fans 988,166. Twitter followers 419,051.",168,week, 98816,419051
"KXAN News | Austin News & Weather – Austin Texas, Round Rock, TX","Austin, Texas
About Website KXAN News brings you local Austin news & weather stories, and we do what we do to make Austin, Round Rock, Hill Country & the rest of Central Texas a better place to live.
Frequency about 84 posts per week.
Also in Austin News Websites
Website kxan.com
Facebook fans 250,170. Twitter followers 169,573.",84,week, 25017,169573
FOX31 Denver KDVR,"Denver, Colorado
About Website Denver, Colorado News, Weather, Sports and more.
Frequency about 168 posts per week.
Website kdvr.com
Facebook fans 343,892. Twitter followers 119,889.",168,week, 34389,119889
Gothamist,"New York, NY
About Website Gothamist is a website about New York City and everything that happens in it.
Frequency about 84 posts per week.
Website gothamist.com
Facebook fans 263,513. Twitter followers 918,340.",84,week, 26351,918340
Automotive News,"Detroit, MI
About Website Automotive News has been the primary source for all that happening among automotive retailers, suppliers and OEMS since 1925. Automotive News is the leading source of news about the global automotive industry. The Automotive News mission is to be the primary source of industry news, data and understanding for dealerships, manufacturers, suppliers and others allied to the industry.
Frequency about 84 posts per week.
Since Oct 2017
Website autonews.com
Facebook fans 34,130. Twitter followers 179,601.",84,week, 3413,179601
Pioneer Press,"St. Paul, Minnesota
About Website St. Paul news includes crime, politics, education, business, sports, entertainment and things to do from the Pioneer Press.
Frequency about 168 posts per week.
Website twincities.com
Facebook fans 93,659. Twitter followers 137,367.",168,week, 9365,137367
NBC Chicago,"Chicago, IL
About Website Get the latest weather, traffic, entertainment and politics news in Chicago. Get local Chicago updates, Chicago breaking news, and \ national news from NBC Chicago.
Frequency about 168 posts per week.
Website nbcchicago.com
Facebook fans 833,823. Twitter followers 364,846.",168,week, 83382,364846
NBC4 Washington,"Washington, D.C.
About Website Get the latest Washington DC, Maryland and Northern Virginia news, weather, traffic, entertainment and health. Get local DC news, DC, Maryland and Virginia breaking news, and national news from NBC4 Washington.
Frequency about 84 posts per week.
Website nbcwashington.com
Facebook fans 541,261. Twitter followers 239,294.",84,week, 54126,239294
PhillyVoice,"Philadelphia
About Website Find Latest Philadelphia news, Sports, Business, Entertainment information and much more on this site.
Frequency about 168 posts per week.
Website phillyvoice.com
Facebook fans 93,472. Twitter followers 34,519.",168,week, 9347,34519
FOX2now,"St. Louis, Missouri
About Website St. Louis breaking news, STL stories, video, photo galleries from FOX 2.
Frequency about 168 posts per week.
Website fox2now.com
Facebook fans 737,639. Twitter followers 193,670.",168,week, 73763,193670
News 12,"Long Island, NY
About Website Find all the local news, traffic, and weather for Long Island, Westchester, Hudson Valley, Bronx, Brooklyn, New Jersey and Connecticut communities with News 12.
Frequency about 1 post per month.
Website brooklyn.news12.com
Facebook fans 346,734. Twitter followers 285,501.",1,month, 34673,285501
NBC Los Angeles,"Southern California
About Website Get the latest Los Angeles weather, traffic, politics, sports, and entertainment news in LA, Orange County, San Bernardino, Riverside, and Ventura. Get LA news, LA breaking local and national news from NBC Southern California.
Frequency about 21 posts per week.
Website nbclosangeles.com
Facebook fans 1,026,828. Twitter followers 423,755.",21,week, 102682,423755
Miami New Times,"Miami, FL
About Website Miami New Times is your guide to news, music, movies, culture, restaurants and events in Miami, Florida.
Frequency about 84 posts per week.
Website miaminewtimes.com
Facebook fans 159,075. Twitter followers 204,078.",84,week, 15907,204078
Village Voice,"New York
About Website Village Voice is your guide to news, music, movies, culture, restaurants and events in New York.
Frequency about 1 post per month.
Website villagevoice.com
Facebook fans 137,263. Twitter followers 249,183.",1,month, 13726,249183
Westword,"Denver, CO
About Website Westword is the definitive source of information for news, music, movies, restaurants, reviews, and events in Denver.
Frequency about 84 posts per week.
Website westword.com
Facebook fans 138,400. Twitter followers 175,432.",84,week, 13840,175432
NBC 10 Philadelphia,"Philadelphia, PA
About Website Get the latest Philadelphia news, weather, traffic, entertainment and health. Get local Philadelphia news, Philadelphia breaking news, and national news from NBC 10 Philadelphia.
Frequency about 168 posts per week.
Website nbcphiladelphia.com
Facebook fans 490,517. Twitter followers 484,048.",168,week, 49051,484048
NBC 7 San Diego,"San Diego, CA
About Website Get the latest San Diego news, weather, traffic, entertainment and breaking news. Get local San Diego news and national news from NBC 7 San Diego.
Frequency about 168 posts per week.
Website nbcsandiego.com
Facebook fans 365,905. Twitter followers 199,458.",168,week, 36590,199458
KRON4.com | San Francisco Bay Area News and Weather,"San Francisco Bay Area
About Website We tell local San Francisco news & weather stories, and we do what we do to make the Bay Area a better place to live.
Frequency about 168 posts per week.
Website kron4.com
Facebook fans 473,379. Twitter followers 187,631.",168,week, 47337,187631
PIX11 News,"New York, NY
About Website PIX11 News provides New York News, Weather, Entertainment, Transit and More.
Frequency about 168 posts per week.
Website pix11.com
Facebook fans 578,994. Twitter followers 59,471.",168,week, 57899,59471
"Daily Herald | Suburban Chicago Breaking News, Daily News","Chicago Suburbs
About Website Daily Herald is suburban Chicago's largest daily newspaper. A local perspective on local neighborhood news. Up to date breaking local and national news.
Frequency about 168 posts per week.
Website dailyherald.com
Facebook fans 31,752. Twitter followers 31,118.",168,week, 3175,31118
NBC 5 Dallas-Fort Worth,"About Website Local news, weather and sports for the Dallas-Fort Worth area from NBC 5. Get the latest about North Texas news, weather, sports, business, lifestyle, traffic and heath on NBC 5 DFW.
Frequency about 168 posts per week.
Website nbcdfw.com/news
Facebook fans 690,147. Twitter followers 357,661.",168,week, 69014,357661
The Arlington Advocate,"Arlington, Mass.
About Website Get the latest breaking news, sports, entertainment, obituaries from Arlington by The Arlington Advocate.
Frequency about 28 posts per week.
Website arlington.wickedlocal.com
Facebook fans 2,297. Twitter followers 3,029.",28,week, 229,3029
amNewYork,"New York, New York
About Website Get the latest New York City news, entertainment, sports, reviews, and much more local information that is important to you, all in one place on am New York.
Frequency about 1 post per month.
Website amny.com
Facebook fans 25,653. Twitter followers 58,437.",1,month, 2565,58437
Chicago Business News,"Chicago,USA
About Website Chicago Business for complete business news and analysis including healthcare, real estate, manufacturing, government, sports and more.
Frequency about 34 posts per week.
Also in Business News Websites
Website chicagobusiness.com
Facebook fans 30,352. Twitter followers 199,348.",34,week, 3035,199348
"WFLA NEWS - Tampa News & Weather | Clearwater Florida, Sarasota, FL","Tampa, FL
About Website Tampa Bay area breaking news, weather, radar, traffic, things to do, and more from Tampa's local news leader WFLA News Channel 8.
Frequency about 168 posts per week.
Website wfla.com
Facebook fans 837,384. Twitter followers 129,509.",168,week, 83738,129509
"WSVN 7News | Miami News, Weather, Sports","Miami / Fort Lauderdale
About Website South Florida's news station, 7 News. The latest breaking news, headlines, weather and sports about Miami / Fort Lauderdale.
Frequency about 168 posts per week.
Website wsvn.com/news
Facebook fans 436,781. Twitter followers 333,658.",168,week, 43678,333658
Phoenix New Times | Phoenix News and Events,"Phoenix
About Website The Phoenix New Times is the alternative weekly news publication in Phoenix, AZ and the surrounding valley. We're the definitive local guide to news, restaurants, music, movies, events and things to do in the Phoenix area. We're proud to be an integral part of the Phoenix community.
Frequency about 42 posts per week.
Also in Phoenix News Websites, Phoenix Blogs
Website phoenixnewtimes.com
Facebook fans 108,363. Twitter followers 151,497.",42,week, 10836,151497
Houston Press | Alternative News Source in Houston TX,"Houston, TX
About Website The Houston Press is the alternative news website in Houston, TX and the surrounding area. We're the definitive local guide to news, restaurants, music, movies, events and things to do in the Houston area.
Frequency about 56 posts per week.
Website houstonpress.com
Facebook fans 103,695. Twitter followers 307,678.",56,week, 10369,307678
The Press-Enterprise,"Riverside, CA
About Website The award-winning staff of PE.com covers local news from Riverside County, CA, California and national news, sports, things to do, and business in the Inland Empire.
Frequency about 168 posts per week.
Website pe.com
Facebook fans 76,766. Twitter followers 73,803.",168,week, 7676,73803
WXYZ Detroit,"Detroit, MI
About Website WXYZ is Detroit's ABC station. Michigan's 2nd-oldest station, broadcasting since 1948. On-air, online at WXYZ.com and always taking action for you.
Frequency about 168 posts per week.
Website wxyz.com
Facebook fans 372,258. Twitter followers 296,318.",168,week, 37225,296318
7News Boston WHDH,"Boston
About Website 7News Boston WHDH brings you Boston News, Weather, Sports.
Frequency about 168 posts per week.
Website whdh.com
Facebook fans 359,030. Twitter followers 261,724.",168,week, 35903,261724
FOX5 San Diego,"San Diego, CA
About Website Get the latest San Diego news, breaking news, weather, traffic, sports, entertainment and video from fox5sandiego.com. Watch live streaming newscasts from FOX 5 San Diego, KSWB Channel 5.
Frequency about 168 posts per week.
Also in San Diego News Websites
Website fox5sandiego.com
Facebook fans 340,559. Twitter followers 176,999.",168,week, 34055,176999
NBC 6 South Florida,"South Florida
About Website South Florida local news, national news and South Florida breaking news stories. Get the latest about South Florida business, South Florida sports, South Florida traffic, South Florida weather, South Florida health news and South Florida events on NBC South Florida.
Frequency about 84 posts per week.
Website nbcmiami.com
Facebook fans 251,951. Twitter followers 248,219.",84,week, 25195,248219
Riverfront Times,"St. Louis, Missouri
About Website Local St. Louis news, events, music, movies, restaurants, and reviews from Riverfront Times.
Frequency about 42 posts per week.
Website riverfronttimes.com
Facebook fans 84,684. Twitter followers 96,638.",42,week, 8468,96638
ABC Action News,"Tampa
About Website Local Breaking News, Weather and Sports coverage for Tampa Bay, Florida from ABC Action News.
Frequency about 84 posts per week.
Website abcactionnews.com
Facebook fans 617,679. Twitter followers 133,187.",84,week, 61767,133187
WIVB-TV,"Buffalo, NY
About Website Buffalo News, Breaking News and Severe Weather from Buffalo, NY and Niagara Falls from News 4 WIVB-TV in Buffalo, NY.
Frequency about 168 posts per week.
Website wivb.com
Facebook fans 195,778. Twitter followers 147,743.",168,week, 19577,147743
Chicago Reader,"Chicago, IL
About Website The Chicago Reader is Chicago's largest free weekly newspaper, nationally recognized as a leader in the alternative press. Since 1971, the Reader has served as Chicago's political conscience, cultural guide and music authority.
Frequency about 24 posts per week.
Website chicagoreader.com
Facebook fans 80,598. Twitter followers 228,232.",24,week, 8059,228232
MinnPost,"Minneapolis, MN
About Website MinnPost is a nonprofit news organization, providing high quality journalism for news-intense Minnesotans.
Frequency about 42 posts per week.
Website minnpost.com
Facebook fans 25,365. Twitter followers 86,600.",42,week, 2536,86600
Detroit Metro Times,"Detroit
About Website Detroit's award-winning alternative weekly publication since 1980.
Frequency about 42 posts per week.
Website metrotimes.com
Facebook fans 85,160. Twitter followers 66,223.",42,week, 8516,66223
The Texas Observer,"Austin, TX
About Website Sharp reporting on Texas news, politics and culture since 1954.
Frequency about 11 posts per week.
Also in Texas Blogs
Website texasobserver.org
Facebook fans 54,432. Twitter followers 45,749.",11,week, 5443,45749
Billy Penn | Philadelphia News,"Philadelphia
About Website Billy Penn is a mobile platform for a better Philly -- the easiest way to find and follow local and breaking news in Philadelphia. Lots is said about Philly every day; we do some here at Billy Penn, and we share the best from everywhere.
Frequency about 84 posts per week.
Website billypenn.com
Facebook fans 24,123. Twitter followers 21,967.",84,week, 2412,21967
LA Observed,"Los Angeles
About Website LA Observed provides Los Angeles media, politics, business and place. A Observed, Kevin Roderick's website of Los Angeles news, media, politics and place.
Frequency about 2 posts per week.
Since May 2003
Website laobserved.com
Facebook fans 1,320. Twitter followers 24,850.",2,week, 132,24850
City Limits,"New York City
About Website City Limits uses in-depth reporting to expose problems, uncover solutions and empower communities in New York City.
Frequency about 12 posts per week.
Website citylimits.org
Facebook fans 31,272. Twitter followers 73,190.",12,week, 3127,73190
Miami Today,"Miami, Florida
About Website News of Miami, Florida. Focus on business, international trade, real estate and development, e-commerce.
Frequency about 12 posts per week.
Website miamitodaynews.com
Facebook fans 7,252. Twitter followers 21,488.",12,week, 725,21488
KPLR11,"St. Louis, MO
About Website News, sports, weather, entertainment and more from KPLR 11 St. Louis.
Frequency about 168 posts per week.
Website kplr11.com
Facebook fans 117,138. Twitter followers 23,635.",168,week, 11713,23635
Heartland Newsfeed,"Nokomis, IL
About Website 24/7 online news website based out of Nokomis, Illinois.
Frequency about 11 posts per week.
Website heartlandnewsfeed.com
Facebook fans 168. Twitter followers 191.",11,week, 16,191
Nashville PRIDE | The Voice of a Proud Community,"Nashville, TN
About Website Pride Publishing Group is community news paper in Nashville. Find latest breaking news, local news, events, entertainment, sports in Nashville. Pride Publishing Group mission is to provide positive community news.
Frequency about 21 posts per week.
Website pridepublishinggroup.com/pride
Facebook fans n/a. Twitter followers 75.",21,week, n/,75
Forest Hills Times,"Queens/Brooklyn, NY
About Website A weekly newspaper group covering the boroughs of Queens and Brooklyn and anywhere else interesting news is happening.
Frequency about 5 posts per week.
Website foresthillstimes.com
Facebook fans n/a. Twitter followers 7,913.",5,week, n/,7913
American Stripe™,"United States
About Website Breaking News, Latest news, & Videos. From the Best.™
Frequency about 1 post per month.
Website americanstripe.com
Facebook fans n/a. Twitter followers 7.",1,month, n/,7
New York Sun,"New York, NY
About Website The New York Sun is published on the Web by TWO SL LLC, which was formed, after the Sun ceased print publication in the fall of 2008, by the founding editor of the Sun, Seth Lipsky, to acquire the intellectual property of the Sun.
Frequency about 6 posts per week.
Website nysun.com
Facebook fans 1,755. Twitter followers 1,351.",6,week, 175,1351
Times of San Diego,"San Diego, CA
About Website Independent news site covering politics, crime, business, sports, education, arts, military, science, life and thoughtful opinion for the San Diego metro area.
Frequency about 84 posts per week.
Website timesofsandiego.com
Facebook fans 1,985. Twitter followers 2,345.",84,week, 198,2345
Atlanta INtown Paper,"Atlanta, GA
About Website Atlanta INtown Paper is a daily destination for news updates, reviews and more. It is your Daily Source for Community News.
Frequency about 12 posts per week.
Website atlantaintownpaper.com
Facebook fans 5,266. Twitter followers 154,559.",12,week, 526,154559
The Los Angeles Independent,"Los Angeles
About Website The Los Angeles Independent is a leading source of local, entertainment, business, style and sports news covering Hollywood, West Hollywood and the Greater Los Angeles area.
Frequency about 6 posts per week.
Website laindependent.com
Facebook fans 121. Twitter followers 104.",6,week, 12,104
NEWS10 ABC,"Albany, NY
About Website News 10 ABC, FOX 23, WTEN, WXXA, Albany, NY offers Slideshows, Photos, News, Weather, and Sports from the Capital Region of New York, Western Massachusetts, and Southern Vermont.
Frequency about 84 posts per week.
Website news10.com
Facebook fans 210,324. Twitter followers 64,828.",84,week, 21032,64828
